smiles,ri,source_count,source_compound_ids
C#C[C@]1(O)CC[C@H]2[C@@H]3CCC4=CC(=O)CCC4=C3C=C[C@@]21CC,2092.513267269914,1,化合物_2
C#C[C@]1(O)CC[C@H]2[C@@H]3CCC4=CC(=O)CC[C@@H]4[C@H]3CC[C@@]21CC,2047.472251116544,1,化合物_4
C/C(=C\C(=O)OCCCCCCCCC(=O)O)C[C@@H]1OC[C@H](C[C@@H]2O[C@H]2[C@@H](C)[C@H](C)O)[C@@H](O)[C@H]1O,774.7985251201445,1,化合物_232
C=C1c2c(Cl)ccc(O)c2C(O)=C2C(=O)[C@]3(O)C(O)=C(C(N)=O)C(=O)[C@@H](N(C)C)[C@@H]3[C@@H](O)[C@H]12,2357.646134839896,1,化合物_230
CC(=O)Nc1ccc(S(=O)(=O)Nc2ccc([N+](=O)[O-])cc2)cc1,1148.645616897638,1,化合物_191
CC(=O)OCC(=O)NCCCOc1cccc(CN2CCCCC2)c1,1487.248056404709,1,化合物_258
CC(=O)OCC(=O)[C@@]1(O)CC[C@H]2[C@@H]3CCC4=CC(=O)C=C[C@]4(C)[C@@]3(F)[C@@H](O)C[C@@]21C,1181.659196108613,1,化合物_111
CC(=O)OCC(=O)[C@@]1(O)CC[C@H]2[C@@H]3CCC4=CC(=O)C=C[C@]4(C)[C@H]3C(=O)C[C@@]21C,1155.138405462495,1,化合物_89
CC(=O)OCC(=O)[C@@]1(O)CC[C@H]2[C@@H]3CCC4=CC(=O)C=C[C@]4(C)[C@H]3[C@@H](O)C[C@@]21C,1194.420463807085,1,化合物_84
CC(=O)OCC(=O)[C@@]1(O)CC[C@H]2[C@@H]3CCC4=CC(=O)CC[C@]4(C)[C@@]3(F)[C@@H](O)C[C@@]21C,1190.081506096191,1,化合物_88
CC(=O)OCC(=O)[C@@]1(O)CC[C@H]2[C@@H]3CCC4=CC(=O)CC[C@]4(C)[C@H]3C(=O)C[C@@]21C,1195.622300973987,1,化合物_37
CC(=O)OCC(=O)[C@@]1(O)CC[C@H]2[C@@H]3CCC4=CC(=O)CC[C@]4(C)[C@H]3[C@@H](O)C[C@@]21C,1179.734350085001,1,化合物_86
CC(=O)OCC(=O)[C@@]1(O)CC[C@H]2[C@@H]3C[C@H](C)C4=CC(=O)C=C[C@]4(C)[C@H]3[C@@H](O)C[C@@]21C,1185.597131965134,1,化合物_90
CC(=O)OCC(=O)[C@@]1(O)CC[C@H]2[C@@H]3C[C@H](F)C4=CC(=O)C=C[C@]4(C)[C@@]3(F)[C@@H](O)C[C@@]21C,1167.407353902343,1,化合物_118
CC(=O)OCC(=O)[C@@]1(O)[C@@H](C)C[C@H]2[C@@H]3CCC4=CC(=O)C=C[C@]4(C)[C@@]3(F)[C@@H](O)C[C@@]21C,1164.032481151077,1,化合物_38
CC(=O)OCC(=O)[C@@]1(O)[C@@H](C)C[C@H]2[C@@H]3CCC4=CC(=O)C=C[C@]4(C)[C@H]3C(=O)C[C@@]21C,1195.586206464661,1,化合物_112
CC(=O)OCC(=O)[C@@]1(O)[C@@H](C)C[C@H]2[C@@H]3C[C@H](F)C4=CC(=O)C=C[C@]4(C)[C@@]3(F)[C@@H](O)C[C@@]21C,1452.702873719119,1,化合物_79
CC(=O)OCC(=O)[C@@]1(O)[C@H](C)C[C@H]2[C@@H]3CCC4=CC(=O)C=C[C@]4(C)[C@@]3(F)[C@@H](O)C[C@@]21C,1189.146549381501,1,化合物_14
CC(=O)OCC(=O)[C@@]1(O)[C@H](C)C[C@H]2[C@@H]3C[C@H](F)C4=CC(=O)C=C[C@]4(C)[C@@]3(F)[C@@H](O)C[C@@]21C,1215.582220769589,1,化合物_50
CC(=O)OCC(=O)[C@@]1(O)[C@H](C)C[C@H]2[C@@H]3C[C@H](F)C4=CC(=O)C=C[C@]4(C)[C@H]3[C@@H](O)C[C@@]21C,1164.032481151077,1,化合物_72
CC(=O)OCC(=O)[C@@]1(O)[C@H](O)C[C@H]2[C@@H]3CCC4=CC(=O)C=C[C@]4(C)[C@H]3[C@@H](O)C[C@@]21C,1150.315299067378,1,化合物_44
CC(=O)OCC(=O)[C@@]1(O)[C@H](OC(C)=O)C[C@H]2[C@@H]3CCC4=CC(=O)C=C[C@]4(C)[C@@]3(F)[C@@H](O)C[C@@]21C,1180.048669646897,1,化合物_36
CC(=O)OCC(=O)[C@@]1(OC(C)=O)[C@@H](C)C[C@H]2[C@@H]3C[C@H](F)C4=CC(=O)C=C[C@]4(C)[C@@]3(F)[C@@H](O)C[C@@]21C,1413.105734097753,1,化合物_67
CC(=O)OCC(=O)[C@@]12N=C(C)O[C@@H]1C[C@H]1[C@@H]3CCC4=CC(=O)C=C[C@]4(C)[C@H]3[C@@H](O)C[C@@]12C,1190.020244183758,1,化合物_87
CC(=O)OCC(=O)[C@@]12OC(C)(C)O[C@@H]1C[C@H]1[C@@H]3CCC4=CC(=O)C=C[C@]4(C)[C@@]3(F)[C@@H](O)C[C@@]12C,1420.644136653612,1,化合物_19
CC(=O)OCC(=O)[C@@]12OC(C)(C)O[C@@H]1C[C@H]1[C@@H]3CCC4=CC(=O)C=C[C@]4(C)[C@H]3[C@@H](O)C[C@@]12C,1422.903767653333,1,化合物_108
CC(=O)OCC(=O)[C@@]12OC(C)(C)O[C@@H]1C[C@H]1[C@@H]3C[C@H](F)C4=CC(=O)C=C[C@]4(C)[C@@]3(F)[C@@H](O)C[C@@]12C,1414.620002943826,1,化合物_94
CC(=O)OCC(=O)[C@@]12OC3(CCCC3)O[C@@H]1C[C@H]1[C@@H]3CCC4=CC(=O)C=C[C@]4(C)[C@@]3(F)[C@@H](O)C[C@@]12C,1475.613356218955,1,化合物_97
CC(=O)OCC(=O)[C@H]1CC[C@H]2[C@@H]3CCC4=CC(=O)CC[C@]4(C)[C@H]3CC[C@]12C,1466.422255985679,1,化合物_46
CC(=O)O[C@H]1C[C@@]2(C)[C@@H](C[C@@H](O)[C@H]3[C@@]4(C)CC[C@@H](O)[C@@H](C)[C@@H]4CC[C@@]32C)/C1=C(\CCC=C(C)C)C(=O)O,1563.010381945039,1,化合物_253
CC(=O)O[C@]1(C(=O)CO)CC[C@H]2[C@@H]3C[C@H](F)C4=CC(=O)C=C[C@]4(C)C3(F)C(O)C[C@@]21C,1183.31967467358,1,化合物_58
CC(=O)O[C@]1(C(=O)SCF)[C@H](C)C[C@H]2[C@@H]3C[C@H](F)C4=CC(=O)C=C[C@]4(C)[C@@]3(F)[C@@H](O)C[C@@]21C,1453.311250571226,1,化合物_130
CC(=O)O[C@]1(C(C)=O)CC[C@H]2[C@@H]3C=C(C)C4=CC(=O)CC[C@]4(C)[C@H]3CC[C@@]21C,2058.697472723782,1,化合物_5
CC(=O)O[C@]1(C(C)=O)CC[C@H]2[C@@H]3C=C(Cl)C4=CC(=O)CC[C@]4(C)[C@H]3CC[C@@]21C,1837.674820340373,1,化合物_6
CC(=O)O[C@]1(C(C)=O)CC[C@H]2[C@@H]3C[C@H](C)C4=CC(=O)C=C[C@]4(C)[C@@]3(F)[C@@H](O)C[C@@]21C,1281.917999841718,1,化合物_92
CC(=O)O[C@]1(C(C)=O)CC[C@H]2[C@@H]3C[C@H](C)C4=CC(=O)CC[C@]4(C)[C@H]3CC[C@@]21C,1419.5716507777,1,化合物_8
CC(=O)[C@@]1(O)CC[C@H]2[C@@H]3C[C@H](C)C4=CC(=O)C=C[C@]4(C)[C@@]3(F)[C@@H](O)C[C@@]21C,1178.785541128874,1,化合物_85
CC(=O)[C@H]1CC[C@H]2[C@@H]3CCC4=CC(=O)CC[C@]4(C)[C@H]3CC[C@]12C,977.050257655487,1,化合物_7
CC(=O)[C@H]1CC[C@H]2[C@@H]3C[C@H](C)C4=CC(=O)CC[C@]4(C)[C@H]3[C@@H](O)C[C@]12C,1414.653526490595,1,化合物_22
CC(C)(C(=O)O)c1ccc(C(O)CCCN2CCC(C(O)(c3ccccc3)c3ccccc3)CC2)cc1,485.8528125576192,1,化合物_271
CC(C)(C)C(=O)OCC(=O)[C@@]1(O)CC[C@H]2[C@@H]3CCC4=CC(=O)C=C[C@]4(C)[C@H]3[C@@H](O)C[C@@]21C,1413.338043052058,1,化合物_75
CC(C)(C)C(=O)SCC(=O)[C@@]1(O)CC[C@H]2[C@@H]3CCC4=CC(=O)CC[C@]4(C)[C@H]3[C@@H](O)C[C@@]21C,1482.881622040914,1,化合物_70
CC(C)(C)CC(=O)OCC(=O)[C@@]1(O)CC[C@H]2[C@@H]3CCC4=CC(=O)C=C[C@]4(C)[C@H]3[C@@H](O)C[C@@]21C,1480.085441961382,1,化合物_49
CC(C)(C)CC(=O)OCC(=O)[C@@]12OC(C)(C)O[C@@H]1C[C@H]1[C@@H]3CCC4=CC(=O)C=C[C@]4(C)[C@@]3(F)[C@@H](O)C[C@@]12C,1843.185175611648,1,化合物_29
CC(C)(C)c1ccc(C(=O)CCCN2CCC(OC(c3ccccc3)c3ccccc3)CC2)cc1,1223.530093658126,1,化合物_303
CC(C)(C)c1ccc(C(O)CCCN2CCC(C(O)(c3ccccc3)c3ccccc3)CC2)cc1,1744.852680060002,1,化合物_293
CC(C)C(=O)OCC(=O)[C@@]12O[C@H](C3CCCCC3)O[C@@H]1C[C@H]1[C@@H]3CCC4=CC(=O)C=C[C@]4(C)[C@H]3[C@@H](O)C[C@@]12C,2282.724439431444,1,化合物_21
CC(C)N1CCN(c2ccc(OC[C@H]3CO[C@](Cn4cncn4)(c4ccc(Cl)cc4Cl)O3)cc2)CC1,2249.099774596973,1,化合物_235
CC(CN1c2ccccc2S(=O)(=O)c2ccccc21)N(C)C,467.9081333583439,1,化合物_266
CC(CN1c2ccccc2Sc2ccccc21)N(C)C,3502.549582893148,1,化合物_286
CC(OCCN1CCCCCC1)(c1ccccc1)c1ccc(Cl)cc1,512.9524903222703,1,化合物_291
CC/C(=C(/CC)c1ccc(O)cc1)c1ccc(O)cc1,1261.674170387693,1,化合物_12
CC1(C)O[C@@H]2C[C@H]3[C@@H]4CCC5=CC(=O)C=C[C@]5(C)[C@@]4(F)[C@@H](O)C[C@]3(C)[C@]2(C(=O)CO)O1,1238.466279359841,1,化合物_82
CC1(C)O[C@@H]2C[C@H]3[C@@H]4CCC5=CC(=O)C=C[C@]5(C)[C@H]4[C@@H](O)C[C@]3(C)[C@]2(C(=O)CO)O1,1196.076791516862,1,化合物_42
CC1(C)O[C@@H]2C[C@H]3[C@@H]4CCC5=CC(=O)CC[C@]5(C)[C@@]4(F)[C@@H](O)C[C@]3(C)[C@]2(C(=O)CCl)O1,1440.200900016501,1,化合物_96
CC1(C)O[C@@H]2C[C@H]3[C@@H]4CCC5=CC(=O)CC[C@]5(C)[C@@]4(F)[C@@H](O)C[C@]3(C)[C@]2(C(=O)CO)O1,1179.585012966673,1,化合物_60
CC1(C)O[C@@H]2C[C@H]3[C@@H]4C[C@H](F)C5=CC(=O)C=C[C@]5(C)[C@@]4(F)[C@@H](O)C[C@]3(C)[C@]2(C(=O)CO)O1,1452.702873719119,1,化合物_101
CC1(C)O[C@@H]2C[C@H]3[C@@H]4C[C@H](F)C5=CC(=O)C=C[C@]5(C)[C@H]4[C@@H](O)C[C@]3(C)[C@]2(C(=O)CO)O1.CC1(C)O[C@@H]2C[C@H]3[C@@H]4C[C@H](F)C5=CC(=O)C=C[C@]5(C)[C@H]4[C@@H](O)C[C@]3(C)[C@]2(C(=O)CO)O1.O,1216.684910230653,1,化合物_62
CC1(C)O[C@@H]2C[C@H]3[C@@H]4C[C@H](F)C5=CC(=O)CC[C@]5(C)[C@H]4[C@@H](O)C[C@]3(C)[C@]2(C(=O)CO)O1,1194.039021357341,1,化合物_83
CC1CCc2cc(F)cc3c(=O)c(C(=O)O)cn1c23,1134.903267410832,1,化合物_155
CC1COc2c(N3CCN(C)CC3)c(F)cc3c(=O)c(C(=O)O)cn1c23,1407.181177587819,1,化合物_200
CCC(=O)OCC(=O)[C@@]1(O)[C@@H](C)C[C@H]2[C@@H]3CCC4=CC(=O)C=C[C@]4(C)[C@@]3(Cl)[C@@H](O)C[C@@]21C,1295.922530412425,1,化合物_53
CCC(=O)OCC(=O)[C@@]1(O)[C@@H](C)C[C@H]2[C@@H]3CCC4=CC(=O)C=C[C@]4(C)[C@@]3(F)[C@@H](O)C[C@@]21C,1263.060600494434,1,化合物_114
CCC(=O)OCC(=O)[C@@]1(OC(=O)CC)[C@@H](C)C[C@H]2[C@@H]3CCC4=CC(=O)C=C[C@]4(C)[C@@]3(Cl)[C@@H](O)C[C@@]21C,1536.677265100279,1,化合物_41
CCC(=O)OCC(=O)[C@@]1(OC(=O)CC)[C@@H](C)C[C@H]2[C@@H]3CCC4=CC(=O)C=C[C@]4(C)[C@@]3(F)[C@@H](O)C[C@@]21C,1497.749401198695,1,化合物_100
CCC(=O)OCC(=O)[C@@]1(OC(=O)CC)[C@H](C)C[C@H]2[C@@H]3CCC4=CC(=O)C=C[C@]4(C)[C@@]3(F)[C@@H](O)C[C@@]21C,1497.109297102355,1,化合物_52
CCC(=O)OCC(=O)[C@@]1(OC(=O)CC)[C@H](C)C[C@H]2[C@H]3[C@H]([C@@H](O)C[C@@]21C)[C@@]1(C)C=CC(=O)C=C1C[C@H]3Cl,1521.103846284639,1,化合物_68
CCC(=O)OCC(=O)[C@@]12OC(C)(C)O[C@@H]1C[C@H]1[C@@H]3C[C@H](F)C4=CC(=O)C=C[C@]4(C)[C@@]3(F)[C@@H](O)C[C@@]12C,1443.154347802285,1,化合物_133
CCC(=O)O[C@@H]1CC(=O)O[C@H](C)C/C=C/C=C/[C@H](O)[C@H](C)C[C@H](CC=O)[C@H](O[C@@H]2O[C@H](C)[C@@H](O[C@H]3C[C@@](C)(O)[C@@H](OC(=O)CC)[C@H](C)O3)[C@H](N(C)C)[C@H]2O)[C@H]1OC,432.4415931024676,1,化合物_242
CCC(=O)O[C@]1(C(=O)CCl)[C@@H](C)C[C@H]2[C@@H]3CCC4=CC(=O)C=C[C@]4(C)[C@@]3(F)[C@@H](O)C[C@@]21C,1400.85453112246,1,化合物_20
CCC(=O)O[C@]1(C(=O)CCl)[C@@H](C)C[C@H]2[C@@H]3C[C@H](F)C4=CC(=O)C=C[C@]4(C)[C@@]3(F)[C@@H](O)C[C@@]21C,1479.534350129774,1,化合物_105
CCC(=O)O[C@]1(C(=O)CO)[C@@H](C)C[C@H]2[C@@H]3CCC4=CC(=O)C=C[C@]4(C)[C@@]3(Cl)[C@@H](O)C[C@@]21C,1408.155079704334,1,化合物_117
CCC(=O)O[C@]1(C(=O)CO)[C@@H](C)C[C@H]2[C@@H]3CCC4=CC(=O)C=C[C@]4(C)[C@@]3(F)[C@@H](O)C[C@@]21C,1220.097682722325,1,化合物_45
CCC(=O)O[C@]1(C(=O)COC(C)=O)CC[C@H]2[C@@H]3CCC4=CC(=O)CC[C@]4(C)[C@H]3[C@@H](O)C[C@@]21C,1427.028315485869,1,化合物_103
CCC(=O)O[C@]1(C(=O)COC(C)=O)CC[C@H]2[C@@H]3C[C@H](C)C4=CC(=O)C=C[C@]4(C)[C@H]3[C@@H](O)C[C@@]21C,1453.968630394329,1,化合物_24
CCC(=O)O[C@]1(C(=O)SCF)[C@H](C)C[C@H]2[C@@H]3C[C@H](F)C4=CC(=O)C=C[C@]4(C)[C@@]3(F)[C@@H](O)C[C@@]21C,1493.919570655308,1,化合物_98
CCC(=O)[C@@]1(C)[C@H](C)C[C@H]2[C@@H]3CCC4=CC(=O)C=C[C@]4(C)[C@H]3[C@@H](O)C[C@@]21C,1483.787641762937,1,化合物_26
CCCC(=O)O[C@]1(C(=O)CCl)[C@@H](C)C[C@H]2[C@@H]3CCC4=CC(=O)C=C[C@]4(C)[C@@]3(F)C(=O)C[C@@]21C,1704.382541777898,1,化合物_69
CCCC(=O)O[C@]1(C(=O)CCl)[C@@H](C)C[C@H]2[C@@H]3CCC4=CC(=O)C=C[C@]4(C)[C@@]3(F)[C@@H](O)C[C@@]21C,1180.39056255569,1,化合物_121
CCCC(=O)O[C@]1(C(=O)CO)CC[C@H]2[C@@H]3CCC4=CC(=O)CC[C@]4(C)[C@H]3[C@@H](O)C[C@@]21C,797.0649396933238,1,化合物_39
CCCC(=O)O[C@]1(C(=O)CO)[C@@H](C)C[C@H]2[C@@H]3CCC4=CC(=O)C=C[C@]4(C)[C@@]3(F)[C@@H](O)C[C@@]21C,1427.96082154687,1,化合物_115
CCCC(=O)O[C@]1(C(=O)COC(=O)CC)CC[C@H]2[C@@H]3CCC4=CC(=O)CC[C@]4(C)[C@H]3[C@@H](O)C[C@@]21C,1558.265038966426,1,化合物_125
CCCC(=O)O[C@]1(C(=O)COC(=O)CC)[C@@H](C)C[C@H]2[C@@H]3CCC4=CC(=O)C=C[C@]4(C)[C@@]3(F)[C@@H](O)C[C@@]21C,1494.47408884277,1,化合物_102
CCCC(=O)O[C@]1(C(=O)COC(C)=O)CC[C@H]2[C@@H]3C[C@H](F)C4=CC(=O)C=C[C@]4(C)[C@@]3(F)[C@@H](O)C[C@@]21C,1444.816629138945,1,化合物_104
CCCCC(=O)OCC(=O)[C@@]1(O)[C@@H](C)C[C@H]2[C@@H]3CCC4=CC(=O)C=C[C@]4(C)[C@@]3(F)[C@@H](O)C[C@@]21C,1505.167150136204,1,化合物_64
CCCCC(=O)OCC(=O)[C@H]1[C@H](C)C[C@H]2[C@@H]3C[C@H](F)C4=CC(=O)C=C[C@]4(C)[C@@]3(F)[C@@H](O)C[C@@]21C,1689.575398246669,1,化合物_106
CCCCC(=O)O[C@]1(C(=O)CO)CC[C@H]2[C@@H]3CCC4=CC(=O)CC[C@]4(C)[C@H]3[C@@H](O)C[C@@]21C,1427.096394541022,1,化合物_93
CCCCC(=O)O[C@]1(C(=O)CO)[C@@H](C)C[C@H]2[C@@H]3CCC4=CC(=O)C=C[C@]4(C)[C@@]3(F)[C@@H](O)C[C@@]21C,1505.167150136204,1,化合物_40
CCCCC(=O)O[C@]1(C(=O)CO)[C@H](C)C[C@H]2[C@@H]3CCC4=CC(=O)C=C[C@]4(C)[C@@]3(F)[C@@H](O)C[C@@]21C,1498.754402056298,1,化合物_77
CCCCC(=O)O[C@]1(C(=O)COC(C)=O)CC[C@H]2[C@@H]3CCC4=CC(=O)C=C[C@]4(C)[C@H]3[C@@H](O)C[C@@]21C,1570.694525159533,1,化合物_74
CCCCCC(=O)O[C@]1(C(C)=O)CC[C@H]2[C@@H]3CCC4=CC(=O)CC[C@]4(C)[C@H]3CC[C@@]21C,2168.610371907686,1,化合物_9
CCCCCCCCCCCCCCCC(=O)OCC(=O)[C@@]1(O)[C@H](C)C[C@H]2[C@@H]3CCC4=CC(=O)C=C[C@]4(C)[C@@]3(F)[C@@H](O)C[C@@]21C,3159.532291584791,1,化合物_131
CCC[C@@H]1C[C@@H](C(=O)N[C@@H]([C@H]2O[C@H](SC)[C@H](O)[C@@H](O)[C@H]2O)[C@@H](C)O)N(C)C1,1481.665857722295,1,化合物_216
CCC[C@@H]1C[C@@H](C(=O)N[C@@H]([C@H]2O[C@H](SC)[C@H](O)[C@@H](O)[C@H]2O)[C@H](C)Cl)N(C)C1,1293.000456199222,1,化合物_219
CCC[C@@H]1C[C@@H](C(=O)N[C@@H]([C@H]2O[C@H](SC)[C@H](OP(=O)(O)O)[C@@H](O)[C@H]2O)[C@H](C)Cl)N(C)C1,3321.148823033521,1,化合物_233
CCC[C@@H]1O[C@@H]2C[C@H]3[C@@H]4CCC5=CC(=O)C=C[C@]5(C)[C@H]4[C@@H](O)C[C@]3(C)[C@]2(C(=O)CO)O1,1230.712727958287,1,化合物_91
CCN1CCN(c2cc3c(cc2F)c(=O)c(C(=O)O)cn3C2CC2)CC1,1166.620770857968,1,化合物_198
CCOC(=O)N1CCC(=C2c3ccc(Cl)cc3CCc3cccnc32)CC1,1727.76097781262,1,化合物_296
CCOC(=O)N1CCN(c2ccc(OC[C@H]3CO[C@](Cn4ccnc4)(c4ccc(Cl)cc4Cl)O3)cc2)CC1,1174.121938904872,1,化合物_236
CCOC(=O)O[C@]1(C(=O)COC(=O)CC)CC[C@H]2[C@@H]3CCC4=CC(=O)C=C[C@]4(C)[C@H]3[C@@H](O)C[C@@]21C,1471.04370245931,1,化合物_95
CCOC(=O)O[C@]1(C(=O)OCCl)CC[C@H]2[C@@H]3CCC4=CC(=O)C=C[C@]4(C)[C@H]3[C@@H](O)C[C@@]21C,1468.906461296166,1,化合物_73
CCOCCn1c(N2CCCN(C)CC2)nc2ccccc21,1296.778898723039,1,化合物_268
CCS(=O)(=O)CCn1c([N+](=O)[O-])cnc1C,4310.841583527166,1,化合物_147
CC[C@H]1OC(=O)C[C@@H](O)[C@H](C)[C@@H](O[C@@H]2O[C@H](C)[C@@H](O)[C@H](N(C)C)[C@H]2O)[C@@H](CCN2C[C@H](C)C[C@H](C)C2)C[C@@H](C)C(=O)/C=C/C(C)=C/[C@@H]1CO[C@@H]1O[C@H](C)[C@@H](O)[C@@H](OC)[C@H]1OC,1446.158388063791,1,化合物_246
CC[C@H]1OC(=O)C[C@@H](O)[C@H](C)[C@@H](O[C@@H]2O[C@H](C)[C@@H](O[C@H]3C[C@@](C)(O)[C@@H](O)[C@H](C)O3)[C@H](N(C)C)[C@H]2O)[C@@H](CC=O)C[C@@H](C)C(=O)/C=C/C(C)=C/[C@@H]1CO[C@@H]1O[C@H](C)[C@@H](O)[C@@H](OC)[C@H]1OC,4124.245695002418,1,化合物_247
CC[C@H]1OC(=O)[C@H](C)[C@@H](O[C@H]2C[C@@](C)(OC)[C@@H](O)[C@H](C)O2)[C@H](C)[C@@H](O[C@@H]2O[C@H](C)C[C@H](N(C)C)[C@H]2O)[C@](C)(O)C[C@@H](C)C(=O)[C@H](C)[C@@H](O)[C@]1(C)O,2216.687896698226,1,化合物_239
CC[C@H]1OC(=O)[C@H](C)[C@@H](O[C@H]2C[C@@](C)(OC)[C@@H](O)[C@H](C)O2)[C@H](C)[C@@H](O[C@@H]2O[C@H](C)C[C@H](N(C)C)[C@H]2O)[C@](C)(O)C[C@@H](C)CN(C)[C@H](C)[C@@H](O)[C@]1(C)O,1765.996003122768,1,化合物_241
CC[C@H]1OC(=O)[C@H](C)[C@@H](O[C@H]2C[C@@](C)(OC)[C@@H](O)[C@H](C)O2)[C@H](C)[C@@H](O[C@@H]2O[C@H](C)C[C@H](N(C)C)[C@H]2O)[C@](C)(OC)C[C@@H](C)C(=O)[C@H](C)[C@@H](O)[C@]1(C)O,298.7811794312335,1,化合物_240
CCn1cc(C(=O)O)c(=O)c2cc(F)c(N3CCN(C)CC3)cc21,524.2611002894844,1,化合物_190
CCn1cc(C(=O)O)c(=O)c2cc(F)c(N3CCNC(C)C3)c(F)c21,1149.479580174318,1,化合物_194
CCn1cc(C(=O)O)c(=O)c2cc(F)c(N3CCNCC3)cc21,967.8211663010466,1,化合物_186
CCn1cc(C(=O)O)c(=O)c2cc(F)c(N3CCNCC3)nc21,1157.427825566882,1,化合物_187
CCn1cc(C(=O)O)c(=O)c2cc3c(cc21)OCO3,1134.903267410832,1,化合物_154
CCn1cc(C(=O)O)c(=O)c2ccc(C)nc21,1140.26358438951,1,化合物_146
CCn1cc(C(=O)O)c(=O)c2cnc(N3CCCC3)nc21,1103.889295113068,1,化合物_174
CCn1cc(C(=O)O)c(=O)c2cnc(N3CCNCC3)nc21,1666.942315173046,1,化合物_179
CCn1nc(C(=O)O)c(=O)c2cc3c(cc21)OCO3,1144.305034706343,1,化合物_156
CN(C)CC/C=C1/c2ccccc2COc2ccc(CC(=O)O)cc21,2280.021095364807,1,化合物_265
CN(C)CCC(c1ccc(Br)cc1)c1ccccn1,1118.428001289096,1,化合物_272
CN(C)CCC(c1ccc(Cl)cc1)c1ccccn1,2833.434040385782,1,化合物_270
CN(C)CCC(c1ccccc1)c1ccccn1,1486.221840524827,1,化合物_259
CN(C)CCCN1c2ccccc2Sc2ccc(Cl)cc21,1118.428001289096,1,化合物_292
CN(C)CCN(Cc1ccccc1)c1ccccn1,992.9397838953664,1,化合物_269
CN(C)CCN(Cc1cccs1)c1ccccn1,775.8650067384611,1,化合物_263
CN(C)CCOC(C)(c1ccccc1)c1ccc(Cl)cc1,798.550074513456,1,化合物_285
CN(C)CCOC(c1ccccc1)c1ccccc1,992.9397838953664,1,化合物_274
CN(C)[C@@H]1C(=O)C(C(N)=O)=C(O)[C@@]2(O)C(=O)C3=C(O)c4c(O)ccc(Cl)c4[C@@H](O)[C@H]3C[C@@H]12,1106.938476939633,1,化合物_229
CN(C)[C@@H]1C(=O)C(C(N)=O)=C(O)[C@@]2(O)C(=O)C3=C(O)c4c(O)ccc(Cl)c4[C@@](C)(O)[C@H]3C[C@@H]12.[Cl][Sb]([Cl])[Cl],2592.965656395402,1,化合物_231
CN(C)c1ccc(O)c2c1C[C@H]1C[C@H]3[C@H](N(C)C)C(=O)C(C(N)=O)=C(O)[C@@]3(O)C(=O)C1=C2O,1465.813743295795,1,化合物_227
CN(C/C=C/C#CC(C)(C)C)Cc1cccc2ccccc12,2552.230737939383,1,化合物_176
CN(C/C=C/c1ccccc1)Cc1cccc2ccccc12,779.7777552722378,1,化合物_173
CN(c1nccc(=O)[nH]1)C1CCN(c2nc3ccccc3n2Cc2ccc(F)cc2)CC1,1283.746041660518,1,化合物_282
CN/C(=C\[N+](=O)[O-])NCCSCc1ccc(CN(C)C)o1,1138.740795445162,1,化合物_255
CN1CCC(=C2c3ccccc3C=Cc3ccccc32)CC1,779.7777552722378,1,化合物_287
CN1CCC(=C2c3ccccc3CC(=O)c3sccc32)CC1,465.9273943676837,1,化合物_276
CN1CCCC(n2nc(Cc3ccc(Cl)cc3)c3ccccc3c2=O)CC1,1148.227571452116,1,化合物_279
CN1CCC[C@@H]1CCO[C@](C)(c1ccccc1)c1ccc(Cl)cc1,1150.695058159343,1,化合物_288
CN1CCN(C(c2ccccc2)c2ccc(Cl)cc2)CC1,231.0343854607415,1,化合物_294
CN1CCN(C(c2ccccc2)c2ccccc2)CC1,1129.338156175674,1,化合物_284
CN1CCN(c2c(F)cc3c(=O)c(C(=O)O)cn4c3c2OCN4C)CC1,1194.867383254321,1,化合物_201
CN1C[C@@H]2C[C@H]1CN2c1cc2c(cc1F)c(=O)c(C(=O)O)cn2C1CC1,1194.021732817989,1,化合物_197
CN=C(NC#N)NCCSCc1nc[nH]c1C,468.4894316170757,1,化合物_256
CNC(=C[N+](=O)[O-])NCCSCc1csc(CN(C)C)n1,2290.400260525571,1,化合物_257
CNC1CCCN(c2c(F)cc3c(=O)c(C(=O)O)cn(C4CC4)c3c2OC)C1,533.534784825838,1,化合物_208
COC1=CC(=O)C[C@@H](C)[C@]12Oc1c(Cl)c(OC)cc(OC)c1C2=O,1454.303058945078,1,化合物_195
CO[C@@H]1[C@@H](O[C@@H]2O[C@H](C)[C@@H](O[C@H]3C[C@@](C)(O)[C@@H](O)[C@H](C)O3)[C@H](N(C)C)[C@H]2O)[C@@H](CC=O)C[C@@H](C)[C@@H](O[C@H]2CC[C@H](N(C)C)[C@@H](C)O2)/C=C/C=C/C[C@@H](C)OC(=O)C[C@H]1O,976.5462590063976,1,化合物_245
CO[C@@H]1[C@@H](O[C@@H]2O[C@H](C)[C@@H](O[C@H]3C[C@@](C)(O)[C@@H](OC(=O)CC(C)C)[C@H](C)O3)[C@H](N(C)C)[C@H]2O)[C@@H](CC=O)C[C@@H](C)[C@@H](O)/C=C/C=C/C[C@@H](C)OC(=O)C[C@H]1OC(C)=O,375.075290117891,1,化合物_243
CO[C@H]1C[C@H](O[C@H]2[C@H](C)[C@@H](O[C@@H]3O[C@H](C)C[C@H](N(C)C)[C@H]3O)[C@@H](C)C[C@@]3(CO3)C(=O)[C@H](C)[C@@H](O)[C@@H](C)[C@@H](C)OC(=O)[C@@H]2C)O[C@@H](C)[C@@H]1O,1374.209102776742,1,化合物_237
COc1c(N2CCNC(C)C2)c(F)cc2c(=O)c(C(=O)O)cn(C3CC3)c12,1435.727926259954,1,化合物_204
COc1c(N2C[C@@H]3CCCN[C@@H]3C2)c(F)cc2c(=O)c(C(=O)O)cn(C3CC3)c12,1158.917880883249,1,化合物_213
COc1cc(C)c(Cc2cnc(N)nc2N)cc1OC,2833.434040385782,1,化合物_162
COc1cc(Cc2cnc(N)nc2N)cc(OC)c1OC,1100.270332807597,1,化合物_175
COc1cc(NS(=O)(=O)c2ccc(N)cc2)nc(OC)n1,1129.927837208546,1,化合物_182
COc1cc(NS(=O)(=O)c2ccc(N)cc2)ncn1,1133.828458188258,1,化合物_170
COc1ccc(/C=C/C(=O)Nc2ccccc2C(=O)O)cc1OC,1443.669992056529,1,化合物_264
COc1ccc(CCN2CCC(Nc3nc4ccccc4n3Cc3ccc(F)cc3)CC2)cc1,2169.692773508581,1,化合物_290
COc1ccc(CN2CCN(C(c3ccc(F)cc3)c3ccc(F)cc3)CC2)c(OC)c1OC,1481.003691138144,1,化合物_300
COc1ccc(Cc2cnc(N)nc2N)cc1OC,1135.386155583903,1,化合物_152
COc1nccnc1NS(=O)(=O)c1ccc(N)cc1,1133.828458188258,1,化合物_169
COc1ncnc(NS(=O)(=O)c2ccc(N)cc2)c1OC,1129.927837208546,1,化合物_181
CS(=O)(=O)c1ccc([C@@H](O)[C@@H](CO)NC(=O)C(Cl)Cl)cc1,3953.482706766182,1,化合物_252
C[C@@H](c1ncncc1F)[C@](O)(Cn1cncn1)c1ccc(F)cc1F,2065.604659325071,1,化合物_193
C[C@@H]1CN(c2c(F)c(F)c3c(=O)c(C(=O)O)cn(C4CC4)c3c2F)C[C@H](C)N1,1106.257881205471,1,化合物_210
C[C@@H]1CN(c2c(F)c(N)c3c(=O)c(C(=O)O)cn(C4CC4)c3c2F)C[C@H](C)N1,788.5970790951569,1,化合物_209
C[C@@H]1C[C@H]2[C@@H]3CCC4=CC(=O)C=C[C@]4(C)[C@@]3(Cl)[C@@H](O)C[C@]2(C)[C@@]1(O)C(=O)CCl,1409.711912405312,1,化合物_33
C[C@@H]1C[C@H]2[C@@H]3CCC4=CC(=O)C=C[C@]4(C)[C@@]3(Cl)[C@@H](O)C[C@]2(C)[C@@]1(OC(=O)c1ccco1)C(=O)CCl,1492.334546547143,1,化合物_99
C[C@@H]1C[C@H]2[C@@H]3CCC4=CC(=O)C=C[C@]4(C)[C@@]3(F)[C@@H](O)C[C@]2(C)[C@@]1(O)C(=O)CO,1138.219013892761,1,化合物_65
C[C@@H]1C[C@H]2[C@@H]3CCC4=CC(=O)C=C[C@]4(C)[C@@]3(F)[C@@H](O)C[C@]2(C)[C@@]1(O)C(=O)COC(=O)C(C)(C)C,1505.167150136204,1,化合物_116
C[C@@H]1C[C@H]2[C@@H]3CCC4=CC(=O)C=C[C@]4(C)[C@@]3(F)[C@@H](O)C[C@]2(C)[C@@]1(O)C(=O)COC(=O)c1ccncc1,1237.525175751227,1,化合物_76
C[C@@H]1C[C@H]2[C@@H]3CCC4=CC(=O)C=C[C@]4(C)[C@@]3(F)[C@@H](O)C[C@]2(C)[C@@]1(O)C(=O)COP(=O)([O-])[O-].[Na+].[Na+],1170.603619449383,1,化合物_122
C[C@@H]1C[C@H]2[C@@H]3CCC4=CC(=O)C=C[C@]4(C)[C@@]3(F)[C@@H](O)C[C@]2(C)[C@H]1C(=O)CO,1177.174265318703,1,化合物_61
C[C@@H]1C[C@H]2[C@@H]3C[C@H](F)C4=CC(=O)C(Cl)=C[C@]4(C)[C@@]3(F)[C@@H](O)C[C@]2(C)[C@@]1(O)C(=O)CO,1157.672693908232,1,化合物_119
C[C@@H]1C[C@H]2[C@@H]3C[C@H](F)C4=CC(=O)C=C[C@]4(C)[C@@]3(Cl)[C@@H](O)C[C@]2(C)[C@H]1C(=O)COC(=O)C(C)(C)C,1778.066832171805,1,化合物_48
C[C@@H]1C[C@H]2[C@@H]3C[C@H](F)C4=CC(=O)C=C[C@]4(C)[C@@]3(F)[C@@H](O)C[C@]2(C)[C@@]1(O)C(=O)CO,1183.303855392448,1,化合物_66
C[C@@H]1C[C@H]2[C@@H]3C[C@H](F)C4=CC(=O)C=C[C@]4(C)[C@@]3(F)[C@@H](O)C[C@]2(C)[C@@]1(O)C(=O)COC(=O)C(C)(C)C,1497.262743104001,1,化合物_27
C[C@@H]1C[C@H]2[C@@H]3C[C@H](F)C4=CC(=O)C=C[C@]4(C)[C@@]3(F)[C@@H](O)C[C@]2(C)[C@@]1(O)C(=O)O,1153.366324826392,1,化合物_127
C[C@@H]1C[C@H]2[C@@H]3C[C@H](F)C4=CC(=O)C=C[C@]4(C)[C@@]3(F)[C@@H](O)C[C@]2(C)[C@@]1(O)C(=O)SCF,1407.897105519999,1,化合物_47
C[C@@H]1C[C@H]2[C@@H]3C[C@H](F)C4=CC(=O)C=C[C@]4(C)[C@@]3(F)[C@@H](O)C[C@]2(C)[C@H]1C(=O)CO,1422.9312291859,1,化合物_54
C[C@@H]1C[C@H]2[C@@H]3C[C@H](F)C4=CC(=O)C=C[C@]4(C)[C@H]3[C@@H](O)C[C@]2(C)[C@@]1(O)C(=O)CO,1506.41345454446,1,化合物_107
C[C@@H]1C[C@H]2[C@@H]3C[C@H](F)C4=CC(=O)C=C[C@]4(C)[C@H]3[C@@H](O)C[C@]2(C)[C@H]1C(=O)CO,1177.174265318703,1,化合物_71
C[C@@H]1C[C@H]2[C@@H]3C[C@H](F)C4=CC(=O)C=C[C@]4(C)[C@H]3[C@@H](O)C[C@]2(C)[C@H]1C(=O)COC(=O)C(C)(C)C,1700.872550025154,1,化合物_110
C[C@H]1COc2c(C3(N)CC3)c(F)cc3c(=O)c(C(=O)O)cn1c23,1118.428001289096,1,化合物_185
C[C@H]1C[C@@H]2[C@H]([C@@H](O)C[C@@]3(C)[C@H]2CC[C@]3(O)C(=O)CO)[C@@]2(C)C=CC(=O)C=C12,1217.602234803552,1,化合物_18
C[C@H]1C[C@@H]2[C@H]([C@@H](O)C[C@@]3(C)[C@H]2CC[C@]3(O)C(=O)COC(=O)CCC(=O)O)[C@@]2(C)C=CC(=O)C=C12,1172.942758823752,1,化合物_120
C[C@H]1C[C@H]2[C@@H]3CCC4=CC(=O)C=C[C@]4(C)[C@@]3(Cl)[C@@H](O)C[C@]2(C)[C@@]1(O)C(=O)CO,2037.006234803945,1,化合物_81
C[C@H]1C[C@H]2[C@@H]3CCC4=CC(=O)C=C[C@]4(C)[C@@]3(F)[C@@H](O)C[C@]2(C)[C@@]1(O)C(=O)CCl,1167.673774040504,1,化合物_32
C[C@H]1C[C@H]2[C@@H]3CCC4=CC(=O)C=C[C@]4(C)[C@@]3(F)[C@@H](O)C[C@]2(C)[C@@]1(O)C(=O)CO,1138.219013892761,1,化合物_35
C[C@H]1C[C@H]2[C@@H]3CCC4=CC(=O)C=C[C@]4(C)[C@@]3(F)[C@@H](O)C[C@]2(C)[C@@]1(OC(=O)c1ccccc1)C(=O)CO,1452.041761398308,1,化合物_109
C[C@H]1C[C@H]2[C@@H]3CCC4=CC(=O)C=C[C@]4(C)[C@H]3C(=O)C[C@]2(C)[C@@]1(O)C(=O)CO,1203.12942094414,1,化合物_28
C[C@H]1C[C@H]2[C@@H]3CCC4=CC(=O)C=C[C@]4(C)[C@H]3C(=O)C[C@]2(C)[C@@]1(O)C(=O)COC(=O)CCC(=O)O,1171.719294925194,1,化合物_51
C[C@H]1C[C@H]2[C@@H]3C[C@H](F)C4=CC(=O)C=C[C@]4(C)[C@@]3(F)[C@@H](O)C[C@]2(C)[C@@]1(O)C(=O)CCl,1307.805306607581,1,化合物_78
C[C@H]1C[C@H]2[C@@H]3C[C@H](F)C4=CC(=O)C=C[C@]4(C)[C@@]3(F)[C@@H](O)C[C@]2(C)[C@@]1(O)C(=O)CO,1183.303855392448,1,化合物_63
C[C@H]1c2cccc(O)c2C(O)=C2C(=O)[C@]3(O)C(O)=C(C(N)=O)C(=O)[C@@H](N(C)C)[C@@H]3[C@@H](O)[C@@H]21,2036.002152799126,1,化合物_225
C[C@]12C=CC(=O)C=C1C(Cl)=C[C@@H]1[C@@H]2[C@@H](O)C[C@@]2(C)[C@H]1CC[C@]2(O)C(=O)CO,1120.168157004775,1,化合物_23
C[C@]12C=CC(=O)C=C1CC[C@@H]1[C@@H]2C(=O)C[C@@]2(C)[C@H]1CC[C@]2(O)C(=O)CO,1125.825534444687,1,化合物_17
C[C@]12C=CC(=O)C=C1CC[C@@H]1[C@@H]2[C@@H](O)C[C@@]2(C)[C@H]1CC[C@]2(O)C(=O)CO,1139.00562905207,1,化合物_15
C[C@]12C=CC(=O)C=C1CC[C@@H]1[C@@H]2[C@@H](O)C[C@@]2(C)[C@H]1CC[C@]2(O)C(=O)COC(=O)CCC(=O)O,1150.270734244268,1,化合物_128
C[C@]12C=CC(=O)C=C1CC[C@@H]1[C@@H]2[C@@H](O)C[C@@]2(C)[C@H]1C[C@@H](O)[C@]2(O)C(=O)CO,1110.231927628785,1,化合物_31
C[C@]12C=CC(=O)C=C1CC[C@H]1[C@@H]3CC[C@](O)(C(=O)CO)[C@@]3(C)C[C@H](O)[C@@]12F,1482.20999749815,1,化合物_25
C[C@]12C=CC(=O)C=C1CC[C@H]1[C@@H]3C[C@@H](O)[C@](O)(C(=O)CO)[C@@]3(C)C[C@@H]3O[C@@]312,1115.751154652303,1,化合物_56
C[C@]12C=CC(=O)C=C1CC[C@H]1[C@@H]3C[C@@H](O)[C@](O)(C(=O)CO)[C@@]3(C)C[C@H](O)[C@@]12F,1115.471369349199,1,化合物_80
C[C@]12C=CC(=O)C=C1CC[C@H]1[C@@H]3C[C@H]4OC5(CCCC5)O[C@@]4(C(=O)CO)[C@@]3(C)C[C@H](O)[C@@]12F,1218.762136374935,1,化合物_59
C[C@]12C=CC(=O)C=C1[C@@H](F)C[C@@H]1[C@@H]2[C@@H](O)C[C@@]2(C)[C@H]1CC[C@]2(O)C(=O)CO,1481.597598225916,1,化合物_55
C[C@]12C=CC(=O)C=C1[C@@H](F)C[C@H]1[C@@H]3CC[C@](O)(C(=O)CO)[C@@]3(C)C[C@H](O)[C@@]12F,1170.505385219434,1,化合物_113
C[C@]12CCC(=O)C=C1CC[C@@H]1[C@@H]2C(=O)C[C@@]2(C)[C@H]1CC[C@]2(O)C(=O)CO,1139.00562905207,1,化合物_34
C[C@]12CCC(=O)C=C1CC[C@@H]1[C@@H]2CC[C@@]2(C)[C@H]1CC[C@]2(C)O,1886.428817721373,1,化合物_3
C[C@]12CCC(=O)C=C1CC[C@@H]1[C@@H]2CC[C@@]2(C)[C@H]1CC[C@]2(O)C(=O)CO,1173.466764817042,1,化合物_123
C[C@]12CCC(=O)C=C1CC[C@@H]1[C@@H]2[C@@H](O)C[C@@]2(C)[C@H]1CC[C@]2(O)C(=O)CO,1142.333801337128,1,化合物_16
C[C@]12CCC(=O)C=C1CC[C@@H]1[C@@H]2[C@@H](O)C[C@@]2(C)[C@H]1CC[C@]2(O)C(=O)COC(=O)CCC(=O)O,1210.760076063548,1,化合物_43
C[C@]12CCC(=O)C=C1CC[C@@H]1[C@@H]2[C@@H](O)C[C@@]2(C)[C@H]1CC[C@]2(O)C(=O)COC(=O)CCC(=O)O.O,1200.830173929807,1,化合物_126
C[C@]12CCC(=O)C=C1CC[C@@H]1[C@@H]2[C@@H](O)C[C@@]2(C)[C@H]1CC[C@]2(O)C(=O)COP(=O)([O-])[O-].[Na+].[Na+],1184.858081699,1,化合物_124
C[C@]12CCC(=O)C=C1CC[C@H]1[C@@H]3CC[C@](O)(C(=O)CO)[C@@]3(C)C[C@H](O)[C@@]12F,1223.822754195249,1,化合物_30
C[C@]12CCC(=O)C=C1[C@H](O)C[C@@H]1[C@@H]2C(=O)C[C@@]2(C)[C@H]1CC[C@]2(O)C(=O)CO,1097.394058970988,1,化合物_57
C[C@]12CC[C@@H]3c4ccc(O)cc4CC[C@H]3[C@@H]1CCC2=O,1245.027105457784,1,化合物_11
C[C@]12CC[C@@H]3c4ccc(O)cc4CC[C@H]3[C@@H]1CC[C@@H]2O,1742.254272903546,1,化合物_13
C[C@]12CC[C@@H]3c4ccc(O)cc4CC[C@H]3[C@@H]1C[C@@H](O)[C@@H]2O,1435.163199964964,1,化合物_10
C[C@]12CC[C@H]3[C@@H](CCC4=CC(=O)CC[C@@]43C)[C@@H]1CC[C@@H]2O,2438.112470855252,1,化合物_1
Cc1c2c(c(O)c3c(O)cccc13)C(=O)[C@]1(O)C(O)=C(C(N)=O)C(=O)[C@@H](N(C)C)[C@@H]1C2,2088.036625073375,1,化合物_221
Cc1c2c(c(O)c3c(O)cccc13)C(=O)[C@]1(O)C(O)=C(C(N)=O)C(=O)[C@H](N(C)C)[C@@H]1C2.Cl,2088.036625073375,1,化合物_220
Cc1cc(C)nc(NS(=O)(=O)c2ccc(N)cc2)n1,619.4338313960313,1,化合物_166
Cc1cc(NS(=O)(=O)c2ccc(N)cc2)nc(C)n1,619.4338313960313,1,化合物_167
Cc1ccc(/C(=C\CN2CCCC2)c2cccc(/C=C/C(=O)O)n2)cc1,1487.248056404709,1,化合物_262
Cc1ccc(/C(=C\CN2CCCC2)c2ccccn2)cc1,704.0401249585592,1,化合物_273
Cc1cccc(CN2CCN(C(c3ccccc3)c3ccc(Cl)cc3)CC2)c1,1643.325288975547,1,化合物_304
Cc1cncc(CN2CCC(=C3c4ccc(Cl)cc4CCc4cccnc43)CC2)c1,798.1053185747279,1,化合物_298
Cc1nc(NS(=O)(=O)c2ccc(N)cc2)oc1C,1146.256854598086,1,化合物_160
Cc1ncc([N+](=O)[O-])n1CC(C)O,2331.038522136946,1,化合物_140
Cc1ncc([N+](=O)[O-])n1CC(O)CCl,3432.337108292795,1,化合物_144
Cc1ncc([N+](=O)[O-])n1CCCO,2331.038522136946,1,化合物_139
Cc1ncc([N+](=O)[O-])n1CCO,2307.928428688681,1,化合物_138
Cc1ncc([N+](=O)[O-])n1CCOC(=O)c1ccccc1,1214.489479006393,1,化合物_163
Cc1nnc(NS(=O)(=O)c2ccc(N)cc2)s1,1425.648592943651,1,化合物_161
Cc1noc(NS(=O)(=O)c2ccc(N)cc2)c1C,1146.256854598086,1,化合物_159
Cc1onc(NS(=O)(=O)c2ccc(N)cc2)c1C,798.8640318965116,1,化合物_158
Clc1ccc(C(Cn2ccnc2)OCc2ccc(Sc3ccccc3)cc2)c(Cl)c1,1470.986295793041,1,化合物_226
Clc1ccc(C(Cn2ccnc2)OCc2ccsc2Cl)c(Cl)c1,1173.219910702286,1,化合物_207
Clc1ccc(COC(Cn2ccnc2)c2ccc(Cl)cc2Cl)cc1,989.5933764328175,1,化合物_205
Clc1ccc(CSC(Cn2ccnc2)c2ccc(Cl)cc2Cl)cc1,1258.70913973924,1,化合物_211
Clc1ccc2c(c1)CCc1cccnc1C2=C1CCNCC1,1129.927837208546,1,化合物_275
Clc1ccccc1C(c1ccccc1)(c1ccccc1)n1ccnc1,1183.890905676995,1,化合物_165
Cn1c([N+](=O)[O-])cnc1COC(N)=O,1510.956711402881,1,化合物_142
Cn1cnc([N+](=O)[O-])c1Cl,532.3327690170854,1,化合物_135
Fc1ccc(C(c2ccc(F)cc2)N2CCN(C/C=C/c3ccccc3)CC2)cc1,751.8260068369079,1,化合物_301
NC(=O)N/N=C/c1ccc([N+](=O)[O-])o1,730.6677610771599,1,化合物_248
NC(N)=Nc1nc(CSCC/C(N)=N/S(N)(=O)=O)cs1,1147.601559062282,1,化合物_254
NC1CCN(c2c(F)cc3c(=O)c(C(=O)O)cn(C4CC4)c3c2Cl)C1,978.2650539156224,1,化合物_202
Nc1ccc(S(=O)(=O)NC(=O)c2ccccc2)cc1,1183.890905676995,1,化合物_164
Nc1ccc(S(=O)(=O)Nc2cnc3ccccc3n2)cc1,1100.223560082788,1,化合物_178
O=C(CCSc1ccccc1)N1CCC(c2ccccc2Cl)S(=O)(=O)CC1,1494.0732741405,1,化合物_192
O=C(CS(=O)Cc1ccco1)NC/C=C\COc1cc(CN2CCCCC2)ccn1,1113.863569980611,1,化合物_277
O=C(Cn1ccnc1[N+](=O)[O-])NCc1ccccc1,1135.386155583903,1,化合物_153
O=C(O)CCCN1CCC(O[C@@H](c2ccc(Cl)cc2)c2ccccn2)CC1,1129.683296707145,1,化合物_267
O=C(O)COCCN1CCN(C(c2ccccc2)c2ccc(Cl)cc2)CC1,1129.683296707145,1,化合物_278
O=C(O)c1ccccc1C(=O)Nc1ccc(S(=O)(=O)Nc2nccs2)cc1,2029.932831460502,1,化合物_214
O=C(O)c1cn(C2CC2)c2cc(N3CCNCC3)c(F)cc2c1=O,2290.400260525571,1,化合物_189
O=C1OC(CN2CCOCC2)CN1/N=C/c1ccc([N+](=O)[O-])o1,1499.57213533335,1,化合物_188
O=C1OCCN1/N=C/c1ccc([N+](=O)[O-])o1,1971.816203139271,1,化合物_145
O=[N+]([O-])c1ccc2nc[nH]c2c1,4308.622271420519,1,化合物_136
OC(Cn1cncn1)(Cn1cncn1)c1ccc(F)cc1F,1112.598576120183,1,化合物_180
OCCN1CCN(CCCN2c3ccccc3Sc3ccc(C(F)(F)F)cc32)CC1,1153.832446327784,1,化合物_299
OCCN1CCN(CCCN2c3ccccc3Sc3ccc(Cl)cc32)CC1,1175.022269030334,1,化合物_295
OCCOCCN1CCN(C(c2ccccc2)c2ccc(Cl)cc2)CC1,1458.465093949054,1,化合物_289
OCCOCCN1CCN(C(c2ccccc2)c2ccccc2)CC1,1153.286219476563,1,化合物_283
c1ccc(-c2ccc(C(c3ccccc3)n3ccnc3)cc2)cc1,1129.927837208546,1,化合物_183
c1ccc2c(c1)Sc1ccccc1N2CC1CN2CCC1CC2,1208.865740730544,1,化合物_281
